id,label,time,x_m,y_m,z_m,r_m,theta_rad,theta_deg
1,,2026-09-12T09:52:14.421,0.3000,0.0000,0.1500,0.3000,-0.0000,-0.00
2,,2026-09-12T09:53:14.209,0.3224,0.1310,0.0500,0.3480,-0.3860,-22.12
3,,2026-09-12T10:12:49.554,0.2822,0.2106,0.1370,0.3521,-0.6410,-36.73
4,,2026-09-12T10:15:27.853,0.6107,-0.0320,0.2098,0.6115,0.0523,3.00
5,,2026-09-12T11:06:34.779,0.3077,-0.0515,0.0973,0.3120,0.1658,9.50
6,,2026-09-12T11:07:09.047,0.3233,0.0820,0.0955,0.3335,-0.2483,-14.23
7,,2026-09-12T11:07:49.037,0.0531,-0.0175,0.0258,0.0559,0.3192,18.29
8,,2026-09-12T11:09:08.463,0.6347,0.1030,0.1369,0.6430,-0.1609,-9.22
9,,2026-09-12T11:09:09.422,0.6348,0.1020,0.1369,0.6430,-0.1594,-9.13
